Iteration;Execution Time
1;9.355873533
2;8.348956907
3;8.957622046
4;8.633246553
5;8.822090469
6;8.587228173
Average;8.7841696135