Iteration;Execution Time
0;2.476848966
1;2.227167546
2;2.143627947
Average;2.282548153