Iteration;Execution Time
0;16.102663497
1;16.811077834
2;17.093891952
Average;16.66921109433333