Iteration;Execution Time
0;0.483753618
1;0.680224412
2;0.573606124
Average;0.579194718