Iteration;Execution Time
0;5.891702562
1;5.752930407
2;5.764559912
Average;5.803064293666666