Iteration;Execution Time
0;3.275915233
1;3.387399078
2;3.328994152
Average;3.3307694876666667