Iteration;Execution Time
0;0.183014424
1;0.15518473
2;0.09069726
Average;0.14296547133333334