Iteration;Execution Time
0;0.465436589
1;0.45127839
2;0.449303669
Average;0.45533954933333337