Iteration;Execution Time
0;1.403995882
1;1.295549486
2;1.297646614
Average;1.3323973273333334