Iteration;Execution Time
0;9.950199382
1;9.863708595
2;9.891248064
Average;9.901718680333333