Iteration;Execution Time
0;0.131992321
1;0.109479672
2;0.102431988
Average;0.11463466033333332