Iteration;Execution Time
0;1.702339636
1;1.698854645
2;1.564786499
Average;1.6553269266666666