Iteration;Execution Time
0;0.320031132
1;0.307707997
2;0.299713522
Average;0.3091508836666667