Iteration;Execution Time
0;177.365947004
1;179.101104716
2;177.81451761
Average;178.0938564433333