Iteration;Execution Time
0;11.371803997
1;10.699619206
2;10.911843253
Average;10.994422152