Iteration;Execution Time
0;0.518382317
1;0.522363942
2;0.287626787
Average;0.44279101533333337