Iteration;Execution Time
0;128.027726281
1;128.043747913
2;126.511427041
Average;127.527633745