Iteration;Execution Time
0;33.230082042
1;34.848841811
2;34.417262809
Average;34.16539555399999