Iteration;Execution Time
0;62.188732071
1;64.824690868
2;57.443048174
Average;61.485490371000004